,route_name,route_link,busname,bustype,departing_time,duration,reaching_time,star_rating,price
0,Kolkata to Siliguri,https://www.redbus.in/bus-tickets/kolkata-to-siliguri,NORTH BENGAL STATE TRANSPORT CORPORATION,Non AC Seater (2+3),15:00,13h 20m,04:20,3.5,450
1,Kolkata to Siliguri,https://www.redbus.in/bus-tickets/kolkata-to-siliguri,NBSTC-KOL-COB-R1-17:00,Non AC Seater 2+2,17:00,12h 00m,05:00,3.7,486
2,Kolkata to Siliguri,https://www.redbus.in/bus-tickets/kolkata-to-siliguri,NBSTC-KOL-SLG-R1-18:00,NON A/C Seater Push Back (2+2),18:00,12h 00m,06:00,4.1,486
3,Kolkata to Siliguri,https://www.redbus.in/bus-tickets/kolkata-to-siliguri,SBSTC-KOLKATA - SILIGURI - VIA - MALDA - 20:00 (BEL DEPO - 3805,Express (Non AC Seater 2+2),20:00,13h 00m,09:00,4.3,500
4,Kolkata to Siliguri,https://www.redbus.in/bus-tickets/kolkata-to-siliguri,Shyamoli Paribahan Pvt Ltd,Volvo Multi-Axle A/C seater/sleeper (2+1),18:30,13h 15m,07:45,4.6,1200
5,Kolkata to Siliguri,https://www.redbus.in/bus-tickets/kolkata-to-siliguri,Shyamoli Paribahan Pvt Ltd,Volvo 9600 A/C Seater/Sleeper (2+1),19:30,13h 15m,08:45,4.6,1200
6,Kolkata to Siliguri,https://www.redbus.in/bus-tickets/kolkata-to-siliguri,Lokenath Bus Service,Volvo 9600 Multi-Axle A/C Sleeper (2+1),18:45,12h 45m,07:30,4.6,1500
7,Kolkata to Siliguri,https://www.redbus.in/bus-tickets/kolkata-to-siliguri,Greenline,Volvo 9600 Multi-Axle A/C Sleeper (2+1),18:30,13h 15m,07:45,4.5,1500
8,Kolkata to Siliguri,https://www.redbus.in/bus-tickets/kolkata-to-siliguri,Shyamoli Paribahan Pvt Ltd,Volvo 9600 Multi-Axle A/C Sleeper (2+1),18:00,12h 50m,06:50,4.5,1500
9,Kolkata to Siliguri,https://www.redbus.in/bus-tickets/kolkata-to-siliguri,Express Line,Volvo 9600 Multi-Axle A/C Sleeper (2+1),18:30,13h 10m,07:40,4.4,1499
10,Kolkata to Siliguri,https://www.redbus.in/bus-tickets/kolkata-to-siliguri,Lokenath Bus Service,Volvo Multi-Axle A/C Seater/Sleeper (2+1),18:15,12h 00m,06:15,4.4,1200
11,Kolkata to Siliguri,https://www.redbus.in/bus-tickets/kolkata-to-siliguri,Greenline,Volvo Multi-Axle A/C Sleeper (2+1),18:00,13h 00m,07:00,4.6,1500
12,Kolkata to Siliguri,https://www.redbus.in/bus-tickets/kolkata-to-siliguri,Express Line,Volvo 9600 A/C Seater/Sleeper (2+1),19:30,12h 55m,08:25,4.3,1199
13,Kolkata to Siliguri,https://www.redbus.in/bus-tickets/kolkata-to-siliguri,Rubi Paribahan  ,Volvo 9600 Multi-Axle A/C Sleeper (2+1),19:00,12h 30m,07:30,4.3,1499
14,Kolkata to Siliguri,https://www.redbus.in/bus-tickets/kolkata-to-siliguri,Poulami Paribahan,Volvo Multi-Axle A/C seater/sleeper (2+1),19:00,12h 45m,07:45,4.2,1199
15,Kolkata to Siliguri,https://www.redbus.in/bus-tickets/kolkata-to-siliguri,Royal Cruiser,Scania Multi-Axle AC Semi Sleeper (2+2),18:00,13h 00m,07:00,3.7,968
16,Kolkata to Siliguri,https://www.redbus.in/bus-tickets/kolkata-to-siliguri,Lokenath Bus Service,Volvo Multi Axle B11R AC Seater\Sleeper (2+1),20:00,12h 15m,08:15,4.1,1200
17,Kolkata to Siliguri,https://www.redbus.in/bus-tickets/kolkata-to-siliguri,Greenline,Volvo 9600 A/C Seater/Sleeper (2+1),19:00,13h 00m,08:00,4.6,1500
18,Kolkata to Siliguri,https://www.redbus.in/bus-tickets/kolkata-to-siliguri,Royal Cruiser,Scania Multi-Axle AC Semi Sleeper (2+2),18:30,13h 00m,07:30,3.4,1166
19,Kolkata to Siliguri,https://www.redbus.in/bus-tickets/kolkata-to-siliguri,Maulik Paribahan,A/C Seater / Sleeper (2+2),18:30,13h 15m,07:45,3.3,1000
20,Kolkata to Siliguri,https://www.redbus.in/bus-tickets/kolkata-to-siliguri,Shantanu Travels,NON A/C Seater / Sleeper (2+2),17:00,15h 00m,08:00,3.0,600
21,Kolkata to Siliguri,https://www.redbus.in/bus-tickets/kolkata-to-siliguri,Aradhana Bus Service,NON A/C Seater / Sleeper (2+2),16:45,14h 15m,07:00,2.1,713
22,Kolkata to Siliguri,https://www.redbus.in/bus-tickets/kolkata-to-siliguri,Shantanu Bus Service,NON A/C Seater / Sleeper (2+2),17:30,15h 00m,08:30,2.1,600
23,Kolkata to Siliguri,https://www.redbus.in/bus-tickets/kolkata-to-siliguri,Maa Durga Bus Service,NON A/C Seater / Sleeper (2+2),19:00,14h 00m,09:00,2.6,600
24,Kolkata to Siliguri,https://www.redbus.in/bus-tickets/kolkata-to-siliguri,Annesha Travels,NON A/C Seater / Sleeper (2+2),17:30,13h 30m,07:00,1.4,500
25,Kolkata to Siliguri,https://www.redbus.in/bus-tickets/kolkata-to-siliguri,Renuka Travels,A/C Seater / Sleeper (2+2),20:00,13h 00m,09:00,1.8,1200
26,Siliguri to Kolkata,https://www.redbus.in/bus-tickets/siliguri-to-kolkata,NBSTC-COB-KOL-R1-13:30,Non AC Seater 2+2,17:15,13h 15m,06:30,3.5,486
27,Siliguri to Kolkata,https://www.redbus.in/bus-tickets/siliguri-to-kolkata,NBSTC-SLG-KOL-R1-18:30,NON A/C Seater Push Back (2+2),18:30,12h 00m,06:30,3.9,486
28,Siliguri to Kolkata,https://www.redbus.in/bus-tickets/siliguri-to-kolkata,SBSTC-SILIGURI - KOLKATA - VIA - MALDA - EXPRESS - 19:30 - 3806,Express (Non AC Seater 2+2),19:30,13h 00m,08:30,4.1,500
29,Siliguri to Kolkata,https://www.redbus.in/bus-tickets/siliguri-to-kolkata,EASY RIDE,Volvo 9600 Multi-Axle A/C Sleeper (2+1),18:45,12h 40m,07:25,4.7,1500
30,Siliguri to Kolkata,https://www.redbus.in/bus-tickets/siliguri-to-kolkata,Greenline,Volvo 9600 Multi-Axle A/C Sleeper (2+1),18:30,13h 00m,07:30,4.6,1500
31,Siliguri to Kolkata,https://www.redbus.in/bus-tickets/siliguri-to-kolkata,Shyamoli Paribahan Pvt Ltd,Volvo 9600 Multi-Axle A/C Sleeper (2+1),18:00,12h 05m,06:05,4.6,1500
32,Siliguri to Kolkata,https://www.redbus.in/bus-tickets/siliguri-to-kolkata,Express Line,Volvo 9600 Multi-Axle A/C Sleeper (2+1),18:30,12h 40m,07:10,4.5,1499
33,Siliguri to Kolkata,https://www.redbus.in/bus-tickets/siliguri-to-kolkata,Lokenath Bus Service,Volvo 9600 Multi-Axle A/C Sleeper (2+1),19:15,12h 30m,07:45,4.5,1500
34,Siliguri to Kolkata,https://www.redbus.in/bus-tickets/siliguri-to-kolkata,Express Line,Volvo 9600 A/C Seater/Sleeper (2+1),19:30,12h 30m,08:00,4.4,1199
35,Siliguri to Kolkata,https://www.redbus.in/bus-tickets/siliguri-to-kolkata,Rubi Paribahan  ,Volvo 9600 Multi-Axle A/C Sleeper (2+1),19:00,12h 30m,07:30,4.5,1499
36,Siliguri to Kolkata,https://www.redbus.in/bus-tickets/siliguri-to-kolkata,Shyamoli Paribahan Pvt Ltd,Volvo Multi-Axle A/C seater/sleeper (2+1),18:30,12h 50m,07:20,4.3,1200
37,Siliguri to Kolkata,https://www.redbus.in/bus-tickets/siliguri-to-kolkata,Shyamoli Paribahan Pvt Ltd,Volvo 9600 A/C Seater/Sleeper (2+1),19:30,12h 20m,07:50,4.3,1200
38,Siliguri to Kolkata,https://www.redbus.in/bus-tickets/siliguri-to-kolkata,Lokenath Bus Service,Volvo Multi-Axle A/C Seater/Sleeper (2+1),18:45,12h 00m,06:45,4.2,1200
39,Siliguri to Kolkata,https://www.redbus.in/bus-tickets/siliguri-to-kolkata,Lokenath Bus Service,Volvo Multi Axle B11R AC Seater\Sleeper (2+1),20:30,12h 00m,08:30,4.3,1200
40,Siliguri to Kolkata,https://www.redbus.in/bus-tickets/siliguri-to-kolkata,Greenline,Volvo Multi-Axle A/C Sleeper (2+1),18:00,13h 00m,07:00,4.4,1500
41,Siliguri to Kolkata,https://www.redbus.in/bus-tickets/siliguri-to-kolkata,Modern Travels,Bharat Benz A/C Seater /Sleeper (2+1),19:00,12h 30m,07:30,3.4,825
42,Siliguri to Kolkata,https://www.redbus.in/bus-tickets/siliguri-to-kolkata,Greenline,Volvo 9600 A/C Seater/Sleeper (2+1),19:15,13h 00m,08:15,4.4,1200
43,Siliguri to Kolkata,https://www.redbus.in/bus-tickets/siliguri-to-kolkata,Annesha Travels,NON A/C Seater / Sleeper (2+2),18:00,13h 00m,07:00,2.2,450
44,Siliguri to Kolkata,https://www.redbus.in/bus-tickets/siliguri-to-kolkata,Shantanu Travels,NON A/C Seater / Sleeper (2+2),17:00,14h 30m,07:30,3.4,600
45,Siliguri to Kolkata,https://www.redbus.in/bus-tickets/siliguri-to-kolkata,Aradhana Bus Service,NON A/C Seater / Sleeper (2+2),14:30,16h 00m,06:30,3.0,665
46,Siliguri to Kolkata,https://www.redbus.in/bus-tickets/siliguri-to-kolkata,Maa Durga Bus Service,NON A/C Seater / Sleeper (2+2),18:00,14h 00m,08:00,3.3,600
47,Siliguri to Kolkata,https://www.redbus.in/bus-tickets/siliguri-to-kolkata,Maulik Paribahan,A/C Seater / Sleeper (2+2),18:30,11h 30m,06:00,1.7,1000
48,Siliguri to Kolkata,https://www.redbus.in/bus-tickets/siliguri-to-kolkata,Shantanu Bus Service,NON A/C Seater / Sleeper (2+2),18:00,15h 00m,09:00,2.3,600
49,Siliguri to Kolkata,https://www.redbus.in/bus-tickets/siliguri-to-kolkata,Renuka Travels,A/C Seater / Sleeper (2+2),19:30,13h 00m,08:30,1.7,1600
50,Siliguri to Darjeeling,https://www.redbus.in/bus-tickets/siliguri-to-darjeeling,NBSTC -SLG-ROH-DJL-01-7:00,Non AC Seater 2+2,07:00,03h 00m,10:00,3.4,105
51,Siliguri to Darjeeling,https://www.redbus.in/bus-tickets/siliguri-to-darjeeling,NBSTC -SLG-ROH-DJL-02-8:00,Non AC Seater 2+2,08:00,03h 00m,11:00,3.9,105
52,Kolkata to Raiganj,https://www.redbus.in/bus-tickets/kolkata-to-raiganj,NORTH BENGAL STATE TRANSPORT CORPORATION,Non AC Seater (2+3),15:00,10h 30m,01:30,3.7,315
53,Kolkata to Raiganj,https://www.redbus.in/bus-tickets/kolkata-to-raiganj,NBSTC-KOL-COB-R1-17:00,Non AC Seater 2+2,17:00,07h 30m,00:30,3.4,341
54,Kolkata to Raiganj,https://www.redbus.in/bus-tickets/kolkata-to-raiganj,NBSTC-KOL-SLG-R1-18:00,NON A/C Seater Push Back (2+2),18:00,09h 00m,03:00,4.4,341
55,Kolkata to Raiganj,https://www.redbus.in/bus-tickets/kolkata-to-raiganj,NBSTC-KOL-RAI-R1-20:30,NON A/C Seater Push Back (2+2),20:30,10h 00m,06:30,3.7,341
56,Kolkata to Raiganj,https://www.redbus.in/bus-tickets/kolkata-to-raiganj,Lokenath Bus Service,Volvo A/C Seater (2+2),21:00,09h 30m,06:30,4.4,760
57,Kolkata to Raiganj,https://www.redbus.in/bus-tickets/kolkata-to-raiganj,Royal Cruiser,Scania Multi-Axle AC Semi Sleeper (2+2),18:00,09h 00m,03:00,4.1,786
58,Kolkata to Raiganj,https://www.redbus.in/bus-tickets/kolkata-to-raiganj,Shyamoli Paribahan Pvt Ltd,Volvo 9600 A/C Seater/Sleeper (2+1),19:30,08h 50m,04:20,4.7,1200
59,Kolkata to Raiganj,https://www.redbus.in/bus-tickets/kolkata-to-raiganj,Shyamoli Paribahan Pvt Ltd,Volvo Multi-Axle A/C seater/sleeper (2+1),18:30,09h 20m,03:50,4.3,1200
60,Kolkata to Raiganj,https://www.redbus.in/bus-tickets/kolkata-to-raiganj,Lokenath Bus Service,Volvo Multi-Axle A/C Seater/Sleeper (2+1),18:15,10h 00m,04:15,4.2,900
61,Kolkata to Raiganj,https://www.redbus.in/bus-tickets/kolkata-to-raiganj,Shyamoli Paribahan Pvt Ltd,Volvo 9600 Multi-Axle A/C Sleeper (2+1),18:00,10h 50m,04:50,4.6,1500
62,Kolkata to Raiganj,https://www.redbus.in/bus-tickets/kolkata-to-raiganj,Express Line,Volvo 9600 Multi-Axle A/C Sleeper (2+1),18:30,10h 50m,05:20,4.4,1049
63,Kolkata to Raiganj,https://www.redbus.in/bus-tickets/kolkata-to-raiganj,Express Line,Volvo 9600 A/C Seater/Sleeper (2+1),19:30,10h 30m,06:00,4.6,849
64,Kolkata to Raiganj,https://www.redbus.in/bus-tickets/kolkata-to-raiganj,Poulami Paribahan,Volvo Multi-Axle A/C seater/sleeper (2+1),19:00,09h 45m,04:45,4.6,999
65,Kolkata to Raiganj,https://www.redbus.in/bus-tickets/kolkata-to-raiganj,Lokenath Bus Service,Volvo Multi Axle B11R AC Seater\Sleeper (2+1),20:00,08h 45m,04:45,4.9,849
66,Kolkata to Raiganj,https://www.redbus.in/bus-tickets/kolkata-to-raiganj,Lokenath Bus Service,Volvo 9600 Multi-Axle A/C Sleeper (2+1),18:45,11h 00m,05:45,4.4,1200
67,Kolkata to Raiganj,https://www.redbus.in/bus-tickets/kolkata-to-raiganj,Rubi Paribahan  ,Volvo 9600 Multi-Axle A/C Sleeper (2+1),19:00,09h 45m,04:45,3.4,1499
68,Kolkata to Raiganj,https://www.redbus.in/bus-tickets/kolkata-to-raiganj,Royal Cruiser,Scania Multi-Axle AC Semi Sleeper (2+2),18:30,10h 00m,04:30,2.6,1166
69,Kolkata to Raiganj,https://www.redbus.in/bus-tickets/kolkata-to-raiganj,Lokenath Bus Service,NON A/C Seater / Sleeper (2+2),21:30,10h 30m,08:00,3.2,500
70,Kolkata to Raiganj,https://www.redbus.in/bus-tickets/kolkata-to-raiganj,Maa Durga Bus Service,Non AC Seater (2+2),19:00,11h 15m,06:15,2.8,600
71,Kolkata to Raiganj,https://www.redbus.in/bus-tickets/kolkata-to-raiganj,Aradhana Bus Service,NON A/C Seater / Sleeper (2+2),16:45,10h 45m,03:30,2.4,713
72,Kolkata to Raiganj,https://www.redbus.in/bus-tickets/kolkata-to-raiganj,Maulik Paribahan,A/C Seater / Sleeper (2+2),18:30,09h 00m,03:30,2.4,1000
73,Raiganj to Kolkata,https://www.redbus.in/bus-tickets/raiganj-to-kolkata,NBSTC-RAI-KOL-R1-19:30,NON A/C Seater Push Back (2+2),19:30,10h 00m,05:30,3.9,341
74,Raiganj to Kolkata,https://www.redbus.in/bus-tickets/raiganj-to-kolkata,Lokenath Bus Service,Volvo A/C Seater (2+2),20:50,09h 40m,06:30,4.4,760
75,Raiganj to Kolkata,https://www.redbus.in/bus-tickets/raiganj-to-kolkata,Shyamoli Paribahan Pvt Ltd,Volvo Multi-Axle A/C seater/sleeper (2+1),22:15,09h 05m,07:20,4.6,1200
76,Raiganj to Kolkata,https://www.redbus.in/bus-tickets/raiganj-to-kolkata,Express Line,Volvo 9600 Multi-Axle A/C Sleeper (2+1),22:15,08h 55m,07:10,4.3,999
77,Raiganj to Kolkata,https://www.redbus.in/bus-tickets/raiganj-to-kolkata,Lokenath Bus Service,Volvo Multi-Axle A/C Seater/Sleeper (2+1),22:45,08h 00m,06:45,4.4,849
78,Raiganj to Kolkata,https://www.redbus.in/bus-tickets/raiganj-to-kolkata,Lokenath Bus Service,Volvo 9600 Multi-Axle A/C Sleeper (2+1),23:30,08h 15m,07:45,4.8,1050
79,Raiganj to Kolkata,https://www.redbus.in/bus-tickets/raiganj-to-kolkata,Shyamoli Paribahan Pvt Ltd,Volvo 9600 Multi-Axle A/C Sleeper (2+1),21:45,08h 20m,06:05,4.3,1500
80,Raiganj to Kolkata,https://www.redbus.in/bus-tickets/raiganj-to-kolkata,Modern Travels,Bharat Benz A/C Seater /Sleeper (2+1),23:10,08h 20m,07:30,3.9,825
81,Raiganj to Kolkata,https://www.redbus.in/bus-tickets/raiganj-to-kolkata,Shyamoli Paribahan Pvt Ltd,Volvo 9600 A/C Seater/Sleeper (2+1),23:15,08h 35m,07:50,4.4,1200
82,Raiganj to Kolkata,https://www.redbus.in/bus-tickets/raiganj-to-kolkata,Rubi Paribahan  ,Volvo 9600 Multi-Axle A/C Sleeper (2+1),23:30,08h 00m,07:30,4.7,1499
83,Raiganj to Kolkata,https://www.redbus.in/bus-tickets/raiganj-to-kolkata,EASY RIDE,Volvo 9600 Multi-Axle A/C Sleeper (2+1),22:45,08h 40m,07:25,4.7,1500
84,Raiganj to Kolkata,https://www.redbus.in/bus-tickets/raiganj-to-kolkata,Lokenath Bus Service,Volvo Multi Axle B11R AC Seater\Sleeper (2+1),00:15,08h 15m,08:30,4.4,900
85,Raiganj to Kolkata,https://www.redbus.in/bus-tickets/raiganj-to-kolkata,Lokenath Bus Service,NON A/C Seater / Sleeper (2+2),19:45,11h 15m,07:00,3.2,500
86,Raiganj to Kolkata,https://www.redbus.in/bus-tickets/raiganj-to-kolkata,Maa Durga Bus Service,NON A/C Seater / Sleeper (2+2),23:00,09h 00m,08:00,2.8,600
87,Raiganj to Kolkata,https://www.redbus.in/bus-tickets/raiganj-to-kolkata,Aradhana Bus Service,NON A/C Seater / Sleeper (2+2),19:15,11h 15m,06:30,2.4,665
88,Raiganj to Kolkata,https://www.redbus.in/bus-tickets/raiganj-to-kolkata,Maulik Paribahan,A/C Seater / Sleeper (2+2),22:15,07h 45m,06:00,2.4,1000
89,Kolkata to Malda,https://www.redbus.in/bus-tickets/kolkata-to-malda,NORTH BENGAL STATE TRANSPORT CORPORATION,Non AC Seater (2+3),09:00,09h 00m,18:00,2.7,256
90,Kolkata to Malda,https://www.redbus.in/bus-tickets/kolkata-to-malda,NORTH BENGAL STATE TRANSPORT CORPORATION,Non AC Seater (2+3),15:00,08h 45m,23:45,3.7,256
91,Kolkata to Malda,https://www.redbus.in/bus-tickets/kolkata-to-malda,NBSTC-KOL-COB-R1-17:00,Non AC Seater 2+2,17:00,08h 17m,01:17,3.5,281
92,Kolkata to Malda,https://www.redbus.in/bus-tickets/kolkata-to-malda,NBSTC-KOL-SLG-R1-18:00,NON A/C Seater Push Back (2+2),18:00,05h 15m,23:15,3.0,281
93,Kolkata to Malda,https://www.redbus.in/bus-tickets/kolkata-to-malda,NBSTC-KOL-BLG-R1-19:30,NON A/C Seater Push Back (2+2),19:30,09h 30m,05:00,3.5,281
94,Kolkata to Malda,https://www.redbus.in/bus-tickets/kolkata-to-malda,NBSTC-KOL-RAI-R1-20:30,NON A/C Seater Push Back (2+2),20:30,07h 00m,03:30,3.5,280
95,Kolkata to Malda,https://www.redbus.in/bus-tickets/kolkata-to-malda,SBSTC-KOLKATA - SILIGURI - VIA - MALDA - 20:00 (BEL DEPO - 3805,Express (Non AC Seater 2+2),20:00,04h 00m,00:00,3.0,290
96,Kolkata to Malda,https://www.redbus.in/bus-tickets/kolkata-to-malda,Express Line,Volvo 9600 A/C Seater/Sleeper (2+1),19:45,08h 45m,04:30,4.5,649
97,Kolkata to Malda,https://www.redbus.in/bus-tickets/kolkata-to-malda,Lokenath Bus Service,Volvo A/C Seater (2+2),21:00,08h 15m,05:15,4.4,599
98,Kolkata to Malda,https://www.redbus.in/bus-tickets/kolkata-to-malda,Shyamoli Paribahan Pvt Ltd,Scania Multi-Axle AC Semi Sleeper (2+2),20:00,08h 30m,04:30,4.1,650
99,Kolkata to Malda,https://www.redbus.in/bus-tickets/kolkata-to-malda,Royal Cruiser,Scania Multi-Axle AC Semi Sleeper (2+2),18:00,08h 05m,02:05,4.0,694
100,Kolkata to Malda,https://www.redbus.in/bus-tickets/kolkata-to-malda,Rubi Paribahan  ,Volvo 9600 A/C Seater/Sleeper (2+1),20:30,06h 40m,03:10,4.1,749
101,Kolkata to Malda,https://www.redbus.in/bus-tickets/kolkata-to-malda,Shyamoli Paribahan Pvt Ltd,Volvo 9600 Multi-Axle A/C Sleeper (2+1),18:00,08h 50m,02:50,4.9,1500
102,Kolkata to Malda,https://www.redbus.in/bus-tickets/kolkata-to-malda,Shyamoli Paribahan Pvt Ltd,Volvo 9600 A/C Seater/Sleeper (2+1),19:30,08h 20m,03:50,4.4,1200
103,Kolkata to Malda,https://www.redbus.in/bus-tickets/kolkata-to-malda,Lokenath Bus Service,Volvo 9600 Multi-Axle A/C Sleeper (2+1),18:45,08h 15m,03:00,4.4,1050
104,Kolkata to Malda,https://www.redbus.in/bus-tickets/kolkata-to-malda,Lokenath Bus Service,Volvo Multi-Axle A/C Seater/Sleeper (2+1),18:15,07h 45m,02:00,4.2,699
105,Kolkata to Malda,https://www.redbus.in/bus-tickets/kolkata-to-malda,Shyamoli Paribahan Pvt Ltd,Volvo Multi-Axle A/C seater/sleeper (2+1),18:30,08h 50m,03:20,4.7,1200
106,Kolkata to Malda,https://www.redbus.in/bus-tickets/kolkata-to-malda,Express Line,Volvo 9600 Multi-Axle A/C Sleeper (2+1),18:30,08h 50m,03:20,4.4,999
107,Kolkata to Malda,https://www.redbus.in/bus-tickets/kolkata-to-malda,Express Line,Volvo 9600 A/C Seater/Sleeper (2+1),19:30,08h 30m,04:00,3.8,799
108,Kolkata to Malda,https://www.redbus.in/bus-tickets/kolkata-to-malda,Lokenath Bus Service,Volvo Multi Axle B11R AC Seater\Sleeper (2+1),20:00,07h 30m,03:30,3.2,649
109,Kolkata to Malda,https://www.redbus.in/bus-tickets/kolkata-to-malda,New Dolphin Travels,NON A/C Seater / Sleeper (2+2),17:30,10h 30m,04:00,3.2,352
110,Kolkata to Malda,https://www.redbus.in/bus-tickets/kolkata-to-malda,Padmanabha Paribahan,A/C Seater / Sleeper (2+2),20:00,07h 30m,03:30,1.7,475
111,Kolkata to Malda,https://www.redbus.in/bus-tickets/kolkata-to-malda,Rubi Paribahan  ,Volvo 9600 Multi-Axle A/C Sleeper (2+1),19:00,08h 15m,03:15,4.1,1499
112,Kolkata to Malda,https://www.redbus.in/bus-tickets/kolkata-to-malda,Poulami Paribahan,Volvo Multi-Axle A/C seater/sleeper (2+1),19:00,08h 00m,03:00,3.8,1200
113,Kolkata to Malda,https://www.redbus.in/bus-tickets/kolkata-to-malda,Sonar Tori,A/C Seater / Sleeper (2+2),19:45,09h 00m,04:45,2.8,504
114,Kolkata to Malda,https://www.redbus.in/bus-tickets/kolkata-to-malda,Wasim Travels,NON A/C Seater / Sleeper (2+2),22:00,09h 00m,07:00,2.3,455
115,Kolkata to Malda,https://www.redbus.in/bus-tickets/kolkata-to-malda,Renuka Travels,NON A/C Seater / Sleeper (2+2),20:30,08h 45m,05:15,2.1,350
116,Kolkata to Malda,https://www.redbus.in/bus-tickets/kolkata-to-malda,Wasim Travels,NON A/C Seater / Sleeper (2+2),22:30,09h 00m,07:30,1.2,455
117,Kolkata to Malda,https://www.redbus.in/bus-tickets/kolkata-to-malda,Lokenath Bus Service,NON A/C Seater / Sleeper (2+2),21:30,08h 40m,06:10,2.7,350
118,Kolkata to Malda,https://www.redbus.in/bus-tickets/kolkata-to-malda,Royal Cruiser,Scania Multi-Axle AC Semi Sleeper (2+2),18:30,08h 05m,02:35,1.9,1166
119,Kolkata to Malda,https://www.redbus.in/bus-tickets/kolkata-to-malda,Maa Durga Bus Service,Non AC Seater (2+2),19:00,10h 30m,05:30,2.8,600
120,Kolkata to Malda,https://www.redbus.in/bus-tickets/kolkata-to-malda,Aradhana Bus Service,NON A/C Seater / Sleeper (2+2),16:45,09h 15m,02:00,2.4,713
121,Kolkata to Malda,https://www.redbus.in/bus-tickets/kolkata-to-malda,Maulik Paribahan,A/C Seater / Sleeper (2+2),18:30,08h 50m,03:20,2.4,1000
122,Cooch Behar (West Bengal) to Berhampore (West Bengal),https://www.redbus.in/bus-tickets/cooch-behar-west-bengal-to-berhampore,NORTH BENGAL STATE TRANSPORT CORPORATION,Non AC Seater (2+3),09:15,12h 45m,22:00,4.1,414
123,Cooch Behar (West Bengal) to Berhampore (West Bengal),https://www.redbus.in/bus-tickets/cooch-behar-west-bengal-to-berhampore,NBSTC-COB-KOL-R1-13:30,Non AC Seater 2+2,13:30,11h 45m,01:15,4.1,447
124,Cooch Behar (West Bengal) to Berhampore (West Bengal),https://www.redbus.in/bus-tickets/cooch-behar-west-bengal-to-berhampore,NBSTC-COB-BHP-R1-19:00,Non AC Seater 2+2,19:00,12h 30m,07:30,4.1,448
125,Cooch Behar (West Bengal) to Berhampore (West Bengal),https://www.redbus.in/bus-tickets/cooch-behar-west-bengal-to-berhampore,Upasana Transport,NON A/C Seater / Sleeper (2+2),17:00,13h 40m,06:40,3.4,600
126,Kolkata to Cooch Behar (West Bengal),https://www.redbus.in/bus-tickets/kolkata-to-cooch-behar-west-bengal,NORTH BENGAL STATE TRANSPORT CORPORATION,Non AC Seater (2+3),15:00,15h 00m,06:00,3.4,565
127,Kolkata to Cooch Behar (West Bengal),https://www.redbus.in/bus-tickets/kolkata-to-cooch-behar-west-bengal,NBSTC-KOL-COB-R1-17:00,Non AC Seater 2+2,17:00,15h 00m,08:00,3.5,608
128,Malda to Kolkata,https://www.redbus.in/bus-tickets/malda-to-kolkata,NORTH BENGAL STATE TRANSPORT CORPORATION,Non AC Seater (2+3),05:00,09h 30m,14:30,1.6,256
129,Malda to Kolkata,https://www.redbus.in/bus-tickets/malda-to-kolkata,NBSTC-RAI-KOL-R1-19:30,NON A/C Seater Push Back (2+2),20:40,08h 50m,05:30,3.9,276
130,Malda to Kolkata,https://www.redbus.in/bus-tickets/malda-to-kolkata,NBSTC-BLG-KOL-R1-18:30,NON A/C Seater Push Back (2+2),20:45,09h 15m,06:00,4.1,276
131,Malda to Kolkata,https://www.redbus.in/bus-tickets/malda-to-kolkata,Express Line,Volvo 9600 A/C Seater/Sleeper (2+1),22:00,07h 00m,05:00,4.6,649
132,Malda to Kolkata,https://www.redbus.in/bus-tickets/malda-to-kolkata,Express Line,Volvo 9600 Multi-Axle A/C Sleeper (2+1),23:30,07h 40m,07:10,4.7,899
133,Malda to Kolkata,https://www.redbus.in/bus-tickets/malda-to-kolkata,Shyamoli Paribahan Pvt Ltd,Scania Multi-Axle AC Semi Sleeper (2+2),22:00,07h 00m,05:00,4.3,650
134,Malda to Kolkata,https://www.redbus.in/bus-tickets/malda-to-kolkata,Lokenath Bus Service,Volvo A/C Seater (2+2),22:35,07h 55m,06:30,4.2,599
135,Malda to Kolkata,https://www.redbus.in/bus-tickets/malda-to-kolkata,Rubi Paribahan  ,Volvo 9600 A/C Seater/Sleeper (2+1),21:50,06h 40m,04:30,4.4,749
136,Malda to Kolkata,https://www.redbus.in/bus-tickets/malda-to-kolkata,Shyamoli Paribahan Pvt Ltd,Volvo 9600 Multi-Axle A/C Sleeper (2+1),23:15,06h 50m,06:05,4.5,1500
137,Malda to Kolkata,https://www.redbus.in/bus-tickets/malda-to-kolkata,Shyamoli Paribahan Pvt Ltd,Volvo Multi-Axle A/C seater/sleeper (2+1),01:30,06h 50m,08:20,4.5,1200
138,Malda to Kolkata,https://www.redbus.in/bus-tickets/malda-to-kolkata,New Dolphin Travels,A/C Seater / Sleeper (2+2),22:20,08h 40m,07:00,4.0,475
139,Malda to Kolkata,https://www.redbus.in/bus-tickets/malda-to-kolkata,Jio Dolphin Travels,NON A/C Seater / Sleeper (2+2),21:54,08h 06m,06:00,3.3,333
140,Malda to Kolkata,https://www.redbus.in/bus-tickets/malda-to-kolkata,New Dolphin Travels,NON A/C Seater / Sleeper (2+2),22:25,08h 05m,06:30,3.2,333
141,Malda to Kolkata,https://www.redbus.in/bus-tickets/malda-to-kolkata,Lokenath Bus Service,Volvo Multi-Axle A/C Seater/Sleeper (2+1),23:55,06h 50m,06:45,3.1,649
142,Malda to Kolkata,https://www.redbus.in/bus-tickets/malda-to-kolkata,Padmanabha Paribahan,A/C Seater / Sleeper (2+2),22:10,08h 50m,07:00,3.2,475
143,Malda to Kolkata,https://www.redbus.in/bus-tickets/malda-to-kolkata,Modern Travels,Bharat Benz A/C Seater /Sleeper (2+1),23:55,07h 35m,07:30,3.1,825
144,Malda to Kolkata,https://www.redbus.in/bus-tickets/malda-to-kolkata,EASY RIDE,Volvo 9600 Multi-Axle A/C Sleeper (2+1),23:55,07h 30m,07:25,4.7,1500
145,Malda to Kolkata,https://www.redbus.in/bus-tickets/malda-to-kolkata,Rubi Paribahan  ,Volvo 9600 Multi-Axle A/C Sleeper (2+1),00:30,07h 00m,07:30,4.4,1499
146,Malda to Kolkata,https://www.redbus.in/bus-tickets/malda-to-kolkata,Lokenath Bus Service,Volvo Multi Axle B11R AC Seater\Sleeper (2+1),01:20,07h 10m,08:30,4.1,749
147,Malda to Kolkata,https://www.redbus.in/bus-tickets/malda-to-kolkata,Lokenath Bus Service,Volvo 9600 Multi-Axle A/C Sleeper (2+1),00:30,07h 15m,07:45,4.1,900
148,Malda to Kolkata,https://www.redbus.in/bus-tickets/malda-to-kolkata,Sonar Tori,A/C Seater / Sleeper (2+2),22:20,08h 10m,06:30,3.1,504
149,Malda to Kolkata,https://www.redbus.in/bus-tickets/malda-to-kolkata,Mohanta Travels,NON A/C Seater / Sleeper (2+2),22:10,07h 50m,06:00,3.7,314
150,Malda to Kolkata,https://www.redbus.in/bus-tickets/malda-to-kolkata,Swarnali Paribahan,NON A/C Seater Push Back (2+2),22:30,07h 30m,06:00,1.9,290
151,Malda to Kolkata,https://www.redbus.in/bus-tickets/malda-to-kolkata,Shree Krishna Travels,NON A/C Seater / Sleeper (2+2),22:00,08h 00m,06:00,2.1,350
152,Malda to Kolkata,https://www.redbus.in/bus-tickets/malda-to-kolkata,Lokenath Bus Service,NON A/C Seater / Sleeper (2+2),22:30,08h 30m,07:00,2.6,350
153,Malda to Kolkata,https://www.redbus.in/bus-tickets/malda-to-kolkata,Renuka Travels,NON A/C Seater / Sleeper (2+2),21:00,09h 00m,06:00,1.5,350
154,Malda to Kolkata,https://www.redbus.in/bus-tickets/malda-to-kolkata,Lokenath Bus Service,Non AC Seater (2+2),18:00,11h 30m,05:30,2.6,4500
155,Malda to Kolkata,https://www.redbus.in/bus-tickets/malda-to-kolkata,Aradhana Bus Service,NON A/C Seater / Sleeper (2+2),21:30,09h 00m,06:30,2.4,665
156,Malda to Kolkata,https://www.redbus.in/bus-tickets/malda-to-kolkata,Wasim Travels,NON A/C Seater / Sleeper (2+2),19:30,09h 30m,05:00,1.7,455
157,Malda to Kolkata,https://www.redbus.in/bus-tickets/malda-to-kolkata,Renuka Travels,NON A/C Seater / Sleeper (2+2),21:30,09h 00m,06:30,1.5,350
158,Berhampore (West Bengal) to Cooch Behar (West Bengal),https://www.redbus.in/bus-tickets/berhampore-to-cooch-behar-west-bengal,NBSTC-BHP-COB-R1-18:30,Non AC Seater 2+2,18:30,12h 30m,07:00,3.3,448
159,Berhampore (West Bengal) to Cooch Behar (West Bengal),https://www.redbus.in/bus-tickets/berhampore-to-cooch-behar-west-bengal,Upasana Transport,NON A/C Seater / Sleeper (2+2),20:40,12h 10m,08:50,3.4,600
160,Cooch Behar (West Bengal) to Kolkata,https://www.redbus.in/bus-tickets/cooch-behar-west-bengal-to-kolkata,NORTH BENGAL STATE TRANSPORT CORPORATION,Non AC Seater (2+3),09:15,20h 00m,05:15,3.5,565
161,Cooch Behar (West Bengal) to Kolkata,https://www.redbus.in/bus-tickets/cooch-behar-west-bengal-to-kolkata,NBSTC-COB-KOL-R1-13:30,Non AC Seater 2+2,13:30,17h 00m,06:30,3.6,608
162,Kolkata to Balurghat,https://www.redbus.in/bus-tickets/kolkata-to-balurghat,NBSTC-KOL-BLG-R1-19:30,NON A/C Seater Push Back (2+2),19:30,11h 30m,07:00,3.8,367
163,Kolkata to Balurghat,https://www.redbus.in/bus-tickets/kolkata-to-balurghat,Express Line,Volvo 9600 A/C Seater/Sleeper (2+1),19:45,10h 30m,06:15,4.6,699
164,Kolkata to Balurghat,https://www.redbus.in/bus-tickets/kolkata-to-balurghat,Shyamoli Paribahan Pvt Ltd,Scania Multi-Axle AC Semi Sleeper (2+2),20:00,10h 15m,06:15,3.9,700
165,Kolkata to Balurghat,https://www.redbus.in/bus-tickets/kolkata-to-balurghat,Rubi Paribahan  ,Volvo 9600 A/C Seater/Sleeper (2+1),20:30,08h 30m,05:00,4.0,749
166,Kolkata to Balurghat,https://www.redbus.in/bus-tickets/kolkata-to-balurghat,New Dolphin Travels,NON A/C Seater / Sleeper (2+2),17:30,13h 30m,07:00,3.1,352
167,Kolkata to Balurghat,https://www.redbus.in/bus-tickets/kolkata-to-balurghat,Sonar Tori,A/C Seater / Sleeper (2+2),19:45,09h 45m,05:30,3.4,504
168,Kolkata to Balurghat,https://www.redbus.in/bus-tickets/kolkata-to-balurghat,Jio Dolphin Travels,NON A/C Seater / Sleeper (2+2),19:30,12h 30m,08:00,3.4,352
169,Kolkata to Balurghat,https://www.redbus.in/bus-tickets/kolkata-to-balurghat,Shree Krishna Travels,NON A/C Seater / Sleeper (2+2),18:45,12h 45m,07:30,2.5,350
170,Kolkata to Balurghat,https://www.redbus.in/bus-tickets/kolkata-to-balurghat,Mohanta Travels,NON A/C Seater / Sleeper (2+2),21:00,10h 00m,07:00,2.2,314
171,Kolkata to Balurghat,https://www.redbus.in/bus-tickets/kolkata-to-balurghat,D.K. Traders (Tsa NBSTC),Non AC Seater (2+3),07:00,12h 00m,19:00,1.2,340
172,Berhampore (West Bengal) to Siliguri,https://www.redbus.in/bus-tickets/berhampore-to-siliguri,NBSTC-BHP-COB-R1-18:30,Non AC Seater 2+2,18:30,08h 00m,02:30,4.2,326
173,Berhampore (West Bengal) to Siliguri,https://www.redbus.in/bus-tickets/berhampore-to-siliguri,Lokenath Bus Service,Volvo Multi-Axle A/C Seater/Sleeper (2+1),23:45,06h 30m,06:15,4.5,800
174,Berhampore (West Bengal) to Siliguri,https://www.redbus.in/bus-tickets/berhampore-to-siliguri,Aradhana Travels,A/C Seater / Sleeper (2+1),20:50,09h 10m,06:00,4.1,713
175,Berhampore (West Bengal) to Siliguri,https://www.redbus.in/bus-tickets/berhampore-to-siliguri,Aradhana Travels,Volvo A/C B11R Multi Axle Semi Sleeper (2+2),22:00,08h 00m,06:00,3.9,855
176,Berhampore (West Bengal) to Siliguri,https://www.redbus.in/bus-tickets/berhampore-to-siliguri,Lokenath Bus Service,Volvo 9600 Multi-Axle A/C Sleeper (2+1),00:15,07h 15m,07:30,3.2,1200
177,Berhampore (West Bengal) to Siliguri,https://www.redbus.in/bus-tickets/berhampore-to-siliguri,Aradhana Bus Service,A/C Seater / Sleeper (2+2),20:00,09h 00m,05:00,0.0,655
178,Berhampore (West Bengal) to Siliguri,https://www.redbus.in/bus-tickets/berhampore-to-siliguri,RAYAN,NON A/C Seater / Sleeper (2+2),20:00,09h 30m,05:30,0.0,450
179,Berhampore (West Bengal) to Siliguri,https://www.redbus.in/bus-tickets/berhampore-to-siliguri,RAYAN,NON A/C Seater / Sleeper (2+2),22:30,08h 00m,06:30,0.0,500
180,Berhampore (West Bengal) to Siliguri,https://www.redbus.in/bus-tickets/berhampore-to-siliguri,Royal Bus Service,NON A/C Seater / Sleeper (2+2),21:30,08h 30m,06:00,2.4,450
181,Berhampore (West Bengal) to Siliguri,https://www.redbus.in/bus-tickets/berhampore-to-siliguri,Modern Travels,Bharat Benz A/C Seater /Sleeper (2+1),00:20,07h 25m,07:45,3.6,825
182,Berhampore (West Bengal) to Siliguri,https://www.redbus.in/bus-tickets/berhampore-to-siliguri,Rubi Paribahan  ,Volvo 9600 Multi-Axle A/C Sleeper (2+1),00:45,06h 45m,07:30,3.3,1499
183,Berhampore (West Bengal) to Siliguri,https://www.redbus.in/bus-tickets/berhampore-to-siliguri,Aradhana Travels,A/C Seater / Sleeper (2+2),20:00,09h 00m,05:00,2.7,570
184,Berhampore (West Bengal) to Siliguri,https://www.redbus.in/bus-tickets/berhampore-to-siliguri,Aradhana Travels,NON A/C Seater / Sleeper (2+2),21:10,10h 20m,07:30,2.3,475
185,Berhampore (West Bengal) to Siliguri,https://www.redbus.in/bus-tickets/berhampore-to-siliguri,Aradhana Bus Service,NON A/C Seater / Sleeper (2+2),23:15,07h 45m,07:00,2.5,713
186,Berhampore (West Bengal) to Siliguri,https://www.redbus.in/bus-tickets/berhampore-to-siliguri,Upasana Transport,A/C Seater / Sleeper (2+2),20:20,08h 40m,05:00,3.1,560
187,Berhampore (West Bengal) to Siliguri,https://www.redbus.in/bus-tickets/berhampore-to-siliguri,Upasana Transport,NON A/C Seater / Sleeper (2+2),20:40,08h 20m,05:00,2.7,475
188,Berhampore (West Bengal) to Siliguri,https://www.redbus.in/bus-tickets/berhampore-to-siliguri,EASY RIDE,Volvo 9600 Multi-Axle A/C Sleeper (2+1),01:05,06h 20m,07:25,4.7,1500
189,Siliguri to Berhampore (West Bengal),https://www.redbus.in/bus-tickets/siliguri-to-berhampore,NBSTC-SLG-KOL-R1-18:30,NON A/C Seater Push Back (2+2),18:30,06h 40m,01:10,4.0,326
190,Siliguri to Berhampore (West Bengal),https://www.redbus.in/bus-tickets/siliguri-to-berhampore,Lokenath Bus Service,Volvo Multi-Axle A/C Seater/Sleeper (2+1),18:45,07h 15m,02:00,4.4,800
191,Siliguri to Berhampore (West Bengal),https://www.redbus.in/bus-tickets/siliguri-to-berhampore,Aradhana Travels,Volvo A/C B11R Multi Axle Semi Sleeper (2+2),21:30,08h 00m,05:30,3.8,855
192,Siliguri to Berhampore (West Bengal),https://www.redbus.in/bus-tickets/siliguri-to-berhampore,Lokenath Bus Service,Volvo 9600 Multi-Axle A/C Sleeper (2+1),19:15,07h 15m,02:30,4.5,1200
193,Siliguri to Berhampore (West Bengal),https://www.redbus.in/bus-tickets/siliguri-to-berhampore,Aradhana Travels,A/C Seater / Sleeper (2+1),19:05,07h 45m,02:50,3.5,713
194,Siliguri to Berhampore (West Bengal),https://www.redbus.in/bus-tickets/siliguri-to-berhampore,Lokenath Bus Service,Volvo Multi Axle B11R AC Seater\Sleeper (2+1),20:30,06h 55m,03:25,3.9,800
195,Siliguri to Berhampore (West Bengal),https://www.redbus.in/bus-tickets/siliguri-to-berhampore,Rubi Paribahan  ,Volvo 9600 Multi-Axle A/C Sleeper (2+1),19:00,07h 40m,02:40,3.8,1499
196,Siliguri to Berhampore (West Bengal),https://www.redbus.in/bus-tickets/siliguri-to-berhampore,Royal Bus Service,NON A/C Seater / Sleeper (2+2),21:10,08h 50m,06:00,2.8,450
197,Siliguri to Berhampore (West Bengal),https://www.redbus.in/bus-tickets/siliguri-to-berhampore,EASY RIDE,Volvo 9600 Multi-Axle A/C Sleeper (2+1),18:45,07h 20m,02:05,3.0,1500
198,Siliguri to Berhampore (West Bengal),https://www.redbus.in/bus-tickets/siliguri-to-berhampore,Modern Travels,Bharat Benz A/C Seater /Sleeper (2+1),19:00,07h 00m,02:00,2.2,825
199,Siliguri to Berhampore (West Bengal),https://www.redbus.in/bus-tickets/siliguri-to-berhampore,Aradhana Travels,A/C Seater / Sleeper (2+2),22:00,08h 00m,06:00,3.3,570
200,Siliguri to Berhampore (West Bengal),https://www.redbus.in/bus-tickets/siliguri-to-berhampore,Upasana Transport,A/C Seater / Sleeper (2+2),20:00,08h 30m,04:30,3.7,560
201,Siliguri to Berhampore (West Bengal),https://www.redbus.in/bus-tickets/siliguri-to-berhampore,Aradhana Travels,NON A/C Seater / Sleeper (2+2),22:00,10h 30m,08:30,2.5,475
202,Siliguri to Berhampore (West Bengal),https://www.redbus.in/bus-tickets/siliguri-to-berhampore,Upasana Transport,NON A/C Seater / Sleeper (2+2),22:20,08h 20m,06:40,2.7,475
203,Siliguri to Berhampore (West Bengal),https://www.redbus.in/bus-tickets/siliguri-to-berhampore,Aradhana Bus Service,NON A/C Seater / Sleeper (2+2),14:30,10h 00m,00:30,2.4,665
204,Kolkata to Gangarampur,https://www.redbus.in/bus-tickets/kolkata-to-gangarampur,NBSTC-KOL-BLG-R1-19:30,NON A/C Seater Push Back (2+2),19:30,10h 30m,06:00,3.3,335
205,Kolkata to Gangarampur,https://www.redbus.in/bus-tickets/kolkata-to-gangarampur,Express Line,Volvo 9600 A/C Seater/Sleeper (2+1),19:45,10h 00m,05:45,4.7,699
206,Kolkata to Gangarampur,https://www.redbus.in/bus-tickets/kolkata-to-gangarampur,Shyamoli Paribahan Pvt Ltd,Scania Multi-Axle AC Semi Sleeper (2+2),20:00,09h 45m,05:45,3.9,700
207,Kolkata to Gangarampur,https://www.redbus.in/bus-tickets/kolkata-to-gangarampur,Rubi Paribahan  ,Volvo 9600 A/C Seater/Sleeper (2+1),20:30,07h 45m,04:15,4.0,749
208,Kolkata to Gangarampur,https://www.redbus.in/bus-tickets/kolkata-to-gangarampur,New Dolphin Travels,NON A/C Seater / Sleeper (2+2),17:30,12h 00m,05:30,4.8,352
209,Kolkata to Gangarampur,https://www.redbus.in/bus-tickets/kolkata-to-gangarampur,Renuka Travels,NON A/C Seater / Sleeper (2+2),20:30,10h 45m,07:15,1.0,370
210,Kolkata to Gangarampur,https://www.redbus.in/bus-tickets/kolkata-to-gangarampur,Renuka Travels,NON A/C Seater / Sleeper (2+2),21:30,10h 00m,07:30,1.0,370
211,Siliguri to Kalimpong,https://www.redbus.in/bus-tickets/siliguri-to-kalimpong,APSARA BUS SERVICE,Non AC Seater (2+2),07:10,03h 05m,10:15,0.0,300
212,Cooch Behar (West Bengal) to Malda,https://www.redbus.in/bus-tickets/cooch-behar-west-bengal-to-malda,NORTH BENGAL STATE TRANSPORT CORPORATION,Non AC Seater (2+3),09:15,09h 15m,18:30,4.2,312
213,Cooch Behar (West Bengal) to Malda,https://www.redbus.in/bus-tickets/cooch-behar-west-bengal-to-malda,NBSTC-COB-KOL-R1-13:30,Non AC Seater 2+2,13:30,07h 30m,21:00,4.2,338
214,Cooch Behar (West Bengal) to Malda,https://www.redbus.in/bus-tickets/cooch-behar-west-bengal-to-malda,NBSTC-COB-BHP-R1-19:00,Non AC Seater 2+2,19:00,08h 19m,03:19,4.2,338
215,Malda to Cooch Behar (West Bengal),https://www.redbus.in/bus-tickets/malda-to-cooch-behar-west-bengal,NBSTC-BHP-COB-R1-18:30,Non AC Seater 2+2,20:50,10h 10m,07:00,3.6,338
216,Balurghat to Kolkata,https://www.redbus.in/bus-tickets/balurghat-to-kolkata,NORTH BENGAL STATE TRANSPORT CORPORATION,Non AC Seater (2+3),04:45,12h 15m,17:00,2.1,340
217,Balurghat to Kolkata,https://www.redbus.in/bus-tickets/balurghat-to-kolkata,NBSTC-BLG-KOL-R1-18:30,NON A/C Seater Push Back (2+2),18:30,11h 30m,06:00,4.2,367
218,Balurghat to Kolkata,https://www.redbus.in/bus-tickets/balurghat-to-kolkata,Express Line,Volvo 9600 A/C Seater/Sleeper (2+1),18:50,10h 10m,05:00,4.5,699
219,Balurghat to Kolkata,https://www.redbus.in/bus-tickets/balurghat-to-kolkata,Shyamoli Paribahan Pvt Ltd,Scania Multi-Axle AC Semi Sleeper (2+2),19:15,09h 45m,05:00,4.1,700
220,Balurghat to Kolkata,https://www.redbus.in/bus-tickets/balurghat-to-kolkata,Rubi Paribahan  ,Volvo 9600 A/C Seater/Sleeper (2+1),18:55,09h 35m,04:30,4.0,749
221,Balurghat to Kolkata,https://www.redbus.in/bus-tickets/balurghat-to-kolkata,New Dolphin Travels,NON A/C Seater / Sleeper (2+2),19:45,10h 45m,06:30,3.5,351
222,Balurghat to Kolkata,https://www.redbus.in/bus-tickets/balurghat-to-kolkata,Jio Dolphin Travels,NON A/C Seater / Sleeper (2+2),18:30,11h 30m,06:00,3.6,333
223,Balurghat to Kolkata,https://www.redbus.in/bus-tickets/balurghat-to-kolkata,Padmanabha Paribahan,A/C Seater / Sleeper (2+2),19:15,11h 45m,07:00,3.1,475
224,Balurghat to Kolkata,https://www.redbus.in/bus-tickets/balurghat-to-kolkata,New Dolphin Travels,A/C Seater / Sleeper (2+2),19:40,11h 20m,07:00,3.0,504
225,Balurghat to Kolkata,https://www.redbus.in/bus-tickets/balurghat-to-kolkata,Sonar Tori,A/C Seater / Sleeper (2+2),19:30,11h 00m,06:30,3.1,504
226,Balurghat to Kolkata,https://www.redbus.in/bus-tickets/balurghat-to-kolkata,Swarnali Paribahan,NON A/C Seater Push Back (2+2),19:00,11h 00m,06:00,3.0,290
227,Balurghat to Kolkata,https://www.redbus.in/bus-tickets/balurghat-to-kolkata,Shree Krishna Travels,NON A/C Seater / Sleeper (2+2),18:45,11h 15m,06:00,3.9,350
228,Balurghat to Kolkata,https://www.redbus.in/bus-tickets/balurghat-to-kolkata,Mohanta Travels,NON A/C Seater / Sleeper (2+2),19:00,11h 00m,06:00,2.1,314
229,Balurghat to Kolkata,https://www.redbus.in/bus-tickets/balurghat-to-kolkata,D.K. Traders (Tsa NBSTC),Non AC Seater (2+3),03:30,12h 00m,15:30,1.2,340
230,Kolkata to Jalpaiguri,https://www.redbus.in/bus-tickets/kolkata-to-jalpaiguri,NORTH BENGAL STATE TRANSPORT CORPORATION,Non AC Seater (2+3),15:00,13h 50m,04:50,3.1,485
231,Kolkata to Jalpaiguri,https://www.redbus.in/bus-tickets/kolkata-to-jalpaiguri,NBSTC-KOL-COB-R1-17:00,Non AC Seater 2+2,17:00,12h 45m,05:45,3.1,525
232,Kolkata to Islampur (West Bengal),https://www.redbus.in/bus-tickets/kolkata-to-islampur-west-bengal,NORTH BENGAL STATE TRANSPORT CORPORATION,Non AC Seater (2+3),15:00,12h 15m,03:15,3.1,390
233,Kolkata to Islampur (West Bengal),https://www.redbus.in/bus-tickets/kolkata-to-islampur-west-bengal,NBSTC-KOL-COB-R1-17:00,Non AC Seater 2+2,17:00,11h 30m,04:30,4.4,425
234,Kolkata to Islampur (West Bengal),https://www.redbus.in/bus-tickets/kolkata-to-islampur-west-bengal,NBSTC-KOL-SLG-R1-18:00,NON A/C Seater Push Back (2+2),18:00,10h 00m,04:00,2.0,425
235,Kolkata to Islampur (West Bengal),https://www.redbus.in/bus-tickets/kolkata-to-islampur-west-bengal,Express Line,Volvo 9600 A/C Seater/Sleeper (2+1),19:30,11h 55m,07:25,4.5,999
236,Kolkata to Islampur (West Bengal),https://www.redbus.in/bus-tickets/kolkata-to-islampur-west-bengal,Shyamoli Paribahan Pvt Ltd,Volvo 9600 A/C Seater/Sleeper (2+1),19:30,12h 10m,07:40,4.4,1200
237,Kolkata to Islampur (West Bengal),https://www.redbus.in/bus-tickets/kolkata-to-islampur-west-bengal,Rubi Paribahan  ,Volvo 9600 Multi-Axle A/C Sleeper (2+1),19:00,12h 00m,07:00,4.1,1499
238,Kolkata to Islampur (West Bengal),https://www.redbus.in/bus-tickets/kolkata-to-islampur-west-bengal,Express Line,Volvo 9600 Multi-Axle A/C Sleeper (2+1),18:30,12h 10m,06:40,4.6,1099
239,Kolkata to Islampur (West Bengal),https://www.redbus.in/bus-tickets/kolkata-to-islampur-west-bengal,Shyamoli Paribahan Pvt Ltd,Volvo 9600 Multi-Axle A/C Sleeper (2+1),18:00,12h 10m,06:10,4.4,1500
240,Kolkata to Islampur (West Bengal),https://www.redbus.in/bus-tickets/kolkata-to-islampur-west-bengal,EASY RIDE,Volvo 9600 Multi-Axle A/C Sleeper (2+1),18:45,12h 00m,06:45,4.7,1500
241,Kolkata to Islampur (West Bengal),https://www.redbus.in/bus-tickets/kolkata-to-islampur-west-bengal,Poulami Paribahan,Volvo Multi-Axle A/C Seater/Sleeper (2+1),19:00,12h 00m,07:00,4.1,1200
242,Kolkata to Islampur (West Bengal),https://www.redbus.in/bus-tickets/kolkata-to-islampur-west-bengal,Poulami Paribahan,Volvo Multi-Axle A/C (2+2),17:30,12h 15m,05:45,4.1,1200
243,Kolkata to Islampur (West Bengal),https://www.redbus.in/bus-tickets/kolkata-to-islampur-west-bengal,Aradhana Bus Service,NON A/C Seater / Sleeper (2+2),16:45,13h 15m,06:00,2.4,713
244,Falakata (west bengal) to Berhampore (West Bengal),https://www.redbus.in/bus-tickets/falakata-to-berhampore,NORTH BENGAL STATE TRANSPORT CORPORATION,Non AC Seater (2+3),10:00,12h 00m,22:00,3.6,380
245,Falakata (west bengal) to Berhampore (West Bengal),https://www.redbus.in/bus-tickets/falakata-to-berhampore,NBSTC-COB-KOL-R1-13:30,Non AC Seater 2+2,14:10,11h 05m,01:15,3.6,411
246,Falakata (west bengal) to Berhampore (West Bengal),https://www.redbus.in/bus-tickets/falakata-to-berhampore,NBSTC-COB-BHP-R1-19:00,Non AC Seater 2+2,19:50,11h 40m,07:30,3.6,411
247,Kolkata to Falakata (west bengal),https://www.redbus.in/bus-tickets/kolkata-to-falakata,NORTH BENGAL STATE TRANSPORT CORPORATION,Non AC Seater (2+3),15:00,14h 30m,05:30,4.1,530
248,Kolkata to Falakata (west bengal),https://www.redbus.in/bus-tickets/kolkata-to-falakata,NBSTC-KOL-COB-R1-17:00,Non AC Seater 2+2,17:00,14h 00m,07:00,4.2,571
249,Cooch Behar (West Bengal) to Raiganj,https://www.redbus.in/bus-tickets/cooch-behar-west-bengal-to-raiganj,NBSTC-COB-BHP-R1-19:00,Non AC Seater 2+2,19:00,06h 45m,01:45,4.0,277
250,Siliguri to Cooch Behar (West Bengal),https://www.redbus.in/bus-tickets/siliguri-to-cooch-behar-west-bengal,NORTH BENGAL STATE TRANSPORT CORPORATION,Non AC Seater 2+2,08:00,03h 30m,11:30,2.9,120
251,Siliguri to Cooch Behar (West Bengal),https://www.redbus.in/bus-tickets/siliguri-to-cooch-behar-west-bengal,NORTH BENGAL STATE TRANSPORT CORPORATION,Non AC Seater (2+3),15:40,04h 00m,19:40,2.9,120
252,Siliguri to Cooch Behar (West Bengal),https://www.redbus.in/bus-tickets/siliguri-to-cooch-behar-west-bengal,Mahaprabhu Travels,A/C Seater (2+3),13:58,03h 02m,17:00,3.9,250
253,Raiganj to Krishnanagar (West Bengal),https://www.redbus.in/bus-tickets/raiganj-to-krishnanagar,NBSTC-RAI-KOL-R1-19:30,NON A/C Seater Push Back (2+2),19:30,07h 30m,03:00,3.7,250
254,Raiganj to Krishnanagar (West Bengal),https://www.redbus.in/bus-tickets/raiganj-to-krishnanagar,Modern Travels,Bharat Benz A/C Seater /Sleeper (2+1),23:10,05h 30m,04:40,3.6,825
255,Raiganj to Krishnanagar (West Bengal),https://www.redbus.in/bus-tickets/raiganj-to-krishnanagar,RAYAN,NON A/C Seater / Sleeper (2+2),22:00,11h 00m,09:00,0.0,500
256,Raiganj to Krishnanagar (West Bengal),https://www.redbus.in/bus-tickets/raiganj-to-krishnanagar,Lokenath Bus Service,NON A/C Seater / Sleeper (2+2),19:45,07h 35m,03:20,3.2,350
257,Raiganj to Krishnanagar (West Bengal),https://www.redbus.in/bus-tickets/raiganj-to-krishnanagar,Aradhana Bus Service,NON A/C Seater / Sleeper (2+2),19:15,07h 45m,03:00,2.4,665
258,Raiganj to Siliguri,https://www.redbus.in/bus-tickets/raiganj-to-siliguri,Mohanta Travels,A/C Seater / Sleeper (2+2),23:30,05h 30m,05:00,3.9,361
259,Raiganj to Siliguri,https://www.redbus.in/bus-tickets/raiganj-to-siliguri,Shree Krishna Travels,NON A/C Seater / Sleeper (2+2),23:40,05h 20m,05:00,3.2,250
260,Raiganj to Siliguri,https://www.redbus.in/bus-tickets/raiganj-to-siliguri,New Dolphin Travels,NON A/C Seater / Sleeper (2+2),23:55,05h 05m,05:00,3.5,238
261,Raiganj to Siliguri,https://www.redbus.in/bus-tickets/raiganj-to-siliguri,Aradhana Bus Service,NON A/C Seater / Sleeper (2+2),03:30,03h 30m,07:00,2.4,713
262,Raiganj to Siliguri,https://www.redbus.in/bus-tickets/raiganj-to-siliguri,Gopal Travels,A/C Seater / Sleeper (2+2),23:30,04h 30m,04:00,2.7,300
263,Raiganj to Siliguri,https://www.redbus.in/bus-tickets/raiganj-to-siliguri,Padmanabha Travels,A/C Seater / Sleeper (2+2),23:50,05h 15m,05:05,2.7,318
264,Kolkata to Buniadpur,https://www.redbus.in/bus-tickets/kolkata-to-buniadpur,NBSTC-KOL-BLG-R1-19:30,NON A/C Seater Push Back (2+2),19:30,10h 00m,05:30,4.3,323
265,Kolkata to Buniadpur,https://www.redbus.in/bus-tickets/kolkata-to-buniadpur,Express Line,Volvo 9600 A/C Seater/Sleeper (2+1),19:45,09h 30m,05:15,4.6,699
266,Kolkata to Buniadpur,https://www.redbus.in/bus-tickets/kolkata-to-buniadpur,Shyamoli Paribahan Pvt Ltd,Scania Multi-Axle AC Semi Sleeper (2+2),20:00,09h 15m,05:15,3.8,700
267,Kolkata to Buniadpur,https://www.redbus.in/bus-tickets/kolkata-to-buniadpur,Rubi Paribahan  ,Volvo 9600 A/C Seater/Sleeper (2+1),20:30,07h 20m,03:50,4.2,749
268,Kolkata to Buniadpur,https://www.redbus.in/bus-tickets/kolkata-to-buniadpur,New Dolphin Travels,NON A/C Seater / Sleeper (2+2),17:30,11h 40m,05:10,3.9,352
269,Kolkata to Buniadpur,https://www.redbus.in/bus-tickets/kolkata-to-buniadpur,Renuka Travels,NON A/C Seater / Sleeper (2+2),20:30,10h 15m,06:45,1.6,350
270,Gangarampur to Kolkata,https://www.redbus.in/bus-tickets/gangarampur-to-kolkata,NBSTC-BLG-KOL-R1-18:30,NON A/C Seater Push Back (2+2),19:20,10h 40m,06:00,3.9,334
271,Gangarampur to Kolkata,https://www.redbus.in/bus-tickets/gangarampur-to-kolkata,Express Line,Volvo 9600 A/C Seater/Sleeper (2+1),19:45,09h 15m,05:00,4.5,699
272,Gangarampur to Kolkata,https://www.redbus.in/bus-tickets/gangarampur-to-kolkata,Shyamoli Paribahan Pvt Ltd,Scania Multi-Axle AC Semi Sleeper (2+2),20:00,09h 00m,05:00,3.9,700
273,Gangarampur to Kolkata,https://www.redbus.in/bus-tickets/gangarampur-to-kolkata,Rubi Paribahan  ,Volvo 9600 A/C Seater/Sleeper (2+1),19:35,08h 55m,04:30,4.6,749
274,Gangarampur to Kolkata,https://www.redbus.in/bus-tickets/gangarampur-to-kolkata,New Dolphin Travels,A/C Seater / Sleeper (2+2),20:40,10h 20m,07:00,4.1,475
275,Gangarampur to Kolkata,https://www.redbus.in/bus-tickets/gangarampur-to-kolkata,Jio Dolphin Travels,NON A/C Seater / Sleeper (2+2),19:40,10h 20m,06:00,3.1,323
276,Gangarampur to Kolkata,https://www.redbus.in/bus-tickets/gangarampur-to-kolkata,New Dolphin Travels,NON A/C Seater / Sleeper (2+2),21:00,09h 30m,06:30,2.7,333
277,Gangarampur to Kolkata,https://www.redbus.in/bus-tickets/gangarampur-to-kolkata,Sonar Tori,A/C Seater / Sleeper (2+2),20:15,10h 15m,06:30,4.1,504
278,Gangarampur to Kolkata,https://www.redbus.in/bus-tickets/gangarampur-to-kolkata,Mohanta Travels,NON A/C Seater / Sleeper (2+2),20:00,10h 00m,06:00,2.3,314
279,Gangarampur to Kolkata,https://www.redbus.in/bus-tickets/gangarampur-to-kolkata,Swarnali Paribahan,NON A/C Seater Push Back (2+2),19:45,10h 15m,06:00,2.4,290
280,Gangarampur to Kolkata,https://www.redbus.in/bus-tickets/gangarampur-to-kolkata,Padmanabha Paribahan,A/C Seater / Sleeper (2+2),20:15,10h 45m,07:00,2.6,475
281,Gangarampur to Kolkata,https://www.redbus.in/bus-tickets/gangarampur-to-kolkata,Shree Krishna Travels,NON A/C Seater / Sleeper (2+2),19:45,10h 15m,06:00,3.2,350
282,Gangarampur to Kolkata,https://www.redbus.in/bus-tickets/gangarampur-to-kolkata,Renuka Travels,NON A/C Seater / Sleeper (2+2),19:00,11h 00m,06:00,1.6,350
283,Gangarampur to Kolkata,https://www.redbus.in/bus-tickets/gangarampur-to-kolkata,Renuka Travels,NON A/C Seater / Sleeper (2+2),19:30,11h 00m,06:30,1.6,350
284,Siliguri to Ranaghat,https://www.redbus.in/bus-tickets/siliguri-to-ranaghat,NBSTC-SLG-KOL-R1-18:30,NON A/C Seater Push Back (2+2),18:30,10h 20m,04:50,4.1,423
285,Siliguri to Ranaghat,https://www.redbus.in/bus-tickets/siliguri-to-ranaghat,Modern Travels,Bharat Benz A/C Seater /Sleeper (2+1),19:00,10h 20m,05:20,3.7,825
286,Siliguri to Ranaghat,https://www.redbus.in/bus-tickets/siliguri-to-ranaghat,Lokenath Bus Service,Volvo Multi Axle B11R AC Seater\Sleeper (2+1),20:30,09h 05m,05:35,4.7,1200
287,Siliguri to Ranaghat,https://www.redbus.in/bus-tickets/siliguri-to-ranaghat,RAYAN,NON A/C Seater / Sleeper (2+2),16:50,12h 10m,05:00,0.0,450
288,Siliguri to Ranaghat,https://www.redbus.in/bus-tickets/siliguri-to-ranaghat,Lokenath Bus Service,Volvo 9600 Multi-Axle A/C Sleeper (2+1),19:15,09h 35m,04:50,4.6,1300
289,Siliguri to Ranaghat,https://www.redbus.in/bus-tickets/siliguri-to-ranaghat,Lokenath Bus Service,Volvo Multi-Axle A/C Seater/Sleeper (2+1),18:45,09h 45m,04:30,4.7,1050
290,Siliguri to Ranaghat,https://www.redbus.in/bus-tickets/siliguri-to-ranaghat,Aradhana Bus Service,NON A/C Seater / Sleeper (2+2),14:30,12h 40m,03:10,2.4,665
291,Siliguri to Krishnanagar (West Bengal),https://www.redbus.in/bus-tickets/siliguri-to-krishnanagar,NBSTC-SLG-KOL-R1-18:30,NON A/C Seater Push Back (2+2),18:30,10h 00m,04:30,4.1,395
292,Siliguri to Krishnanagar (West Bengal),https://www.redbus.in/bus-tickets/siliguri-to-krishnanagar,Aradhana Travels,A/C Seater / Sleeper (2+1),19:05,10h 25m,05:30,3.9,713
293,Siliguri to Krishnanagar (West Bengal),https://www.redbus.in/bus-tickets/siliguri-to-krishnanagar,Rubi Paribahan  ,Volvo 9600 Multi-Axle A/C Sleeper (2+1),19:00,09h 00m,04:00,4.6,1499
294,Siliguri to Krishnanagar (West Bengal),https://www.redbus.in/bus-tickets/siliguri-to-krishnanagar,EASY RIDE,Volvo 9600 Multi-Axle A/C Sleeper (2+1),18:45,09h 30m,04:15,4.3,1500
295,Siliguri to Krishnanagar (West Bengal),https://www.redbus.in/bus-tickets/siliguri-to-krishnanagar,Express Line,Volvo 9600 Multi-Axle A/C Sleeper (2+1),18:30,09h 40m,04:10,4.7,1199
296,Siliguri to Krishnanagar (West Bengal),https://www.redbus.in/bus-tickets/siliguri-to-krishnanagar,RAYAN,NON A/C Seater / Sleeper (2+2),16:50,16h 10m,09:00,0.0,500
297,Siliguri to Krishnanagar (West Bengal),https://www.redbus.in/bus-tickets/siliguri-to-krishnanagar,Modern Travels,Bharat Benz A/C Seater /Sleeper (2+1),19:00,09h 40m,04:40,3.6,825
298,Siliguri to Krishnanagar (West Bengal),https://www.redbus.in/bus-tickets/siliguri-to-krishnanagar,Lokenath Bus Service,Volvo Multi Axle B11R AC Seater\Sleeper (2+1),20:30,08h 30m,05:00,4.0,1200
299,Siliguri to Krishnanagar (West Bengal),https://www.redbus.in/bus-tickets/siliguri-to-krishnanagar,Lokenath Bus Service,Volvo 9600 Multi-Axle A/C Sleeper (2+1),19:15,09h 15m,04:30,4.7,1300
300,Siliguri to Krishnanagar (West Bengal),https://www.redbus.in/bus-tickets/siliguri-to-krishnanagar,Lokenath Bus Service,Volvo Multi-Axle A/C Seater/Sleeper (2+1),18:45,09h 15m,04:00,3.4,1050
301,Siliguri to Krishnanagar (West Bengal),https://www.redbus.in/bus-tickets/siliguri-to-krishnanagar,Kanchanjangha (Saha Travels),NON A/C Seater / Sleeper (2+2),16:20,12h 10m,04:30,3.7,428
302,Siliguri to Krishnanagar (West Bengal),https://www.redbus.in/bus-tickets/siliguri-to-krishnanagar,Mahaprabhu Travels,NON A/C Seater / Sleeper (2+2),19:00,12h 00m,07:00,2.0,535
303,Siliguri to Krishnanagar (West Bengal),https://www.redbus.in/bus-tickets/siliguri-to-krishnanagar,Aradhana Bus Service,NON A/C Seater / Sleeper (2+2),14:30,12h 30m,03:00,2.4,665
304,Falakata (west bengal) to Kolkata,https://www.redbus.in/bus-tickets/falakata-to-kolkata,NORTH BENGAL STATE TRANSPORT CORPORATION,Non AC Seater (2+3),10:00,19h 15m,05:15,2.8,530
305,Falakata (west bengal) to Kolkata,https://www.redbus.in/bus-tickets/falakata-to-kolkata,NBSTC-COB-KOL-R1-13:30,Non AC Seater 2+2,14:10,16h 20m,06:30,2.8,571
306,Kolkata to Farakka,https://www.redbus.in/bus-tickets/kolkata-to-farakka,NBSTC-KOL-RAI-R1-20:30,NON A/C Seater Push Back (2+2),20:30,04h 45m,01:15,3.6,251
307,Kolkata to Farakka,https://www.redbus.in/bus-tickets/kolkata-to-farakka,Express Line,Volvo 9600 A/C Seater/Sleeper (2+1),19:45,08h 15m,04:00,4.6,649
308,Kolkata to Farakka,https://www.redbus.in/bus-tickets/kolkata-to-farakka,Shyamoli Paribahan Pvt Ltd,Scania Multi-Axle AC Semi Sleeper (2+2),20:00,08h 00m,04:00,4.1,650
309,Kolkata to Farakka,https://www.redbus.in/bus-tickets/kolkata-to-farakka,Lokenath Bus Service,Volvo A/C Seater (2+2),21:00,06h 45m,03:45,4.5,599
310,Kolkata to Farakka,https://www.redbus.in/bus-tickets/kolkata-to-farakka,Rubi Paribahan  ,Volvo 9600 Multi-Axle A/C Sleeper (2+1),19:00,07h 15m,02:15,4.3,1499
311,Kolkata to Farakka,https://www.redbus.in/bus-tickets/kolkata-to-farakka,Rubi Paribahan  ,Volvo 9600 A/C Seater/Sleeper (2+1),20:30,06h 00m,02:30,4.3,749
312,Kolkata to Farakka,https://www.redbus.in/bus-tickets/kolkata-to-farakka,Wasim Travels,NON A/C Seater / Sleeper (2+2),22:00,08h 00m,06:00,2.5,455
313,Kolkata to Farakka,https://www.redbus.in/bus-tickets/kolkata-to-farakka,Wasim Travels,NON A/C Seater / Sleeper (2+2),22:30,08h 00m,06:30,1.7,455
314,Kolkata to Farakka,https://www.redbus.in/bus-tickets/kolkata-to-farakka,Lokenath Bus Service,NON A/C Seater / Sleeper (2+2),21:30,07h 45m,05:15,3.2,350
315,Kolkata to Farakka,https://www.redbus.in/bus-tickets/kolkata-to-farakka,Aradhana Bus Service,NON A/C Seater / Sleeper (2+2),16:45,08h 45m,01:30,2.4,713
316,Siliguri to Raiganj,https://www.redbus.in/bus-tickets/siliguri-to-raiganj,NORTH BENGAL STATE TRANSPORT CORPORATION,Non AC Seater (2+3),10:30,04h 00m,14:30,3.7,140
317,Siliguri to Raiganj,https://www.redbus.in/bus-tickets/siliguri-to-raiganj,NORTH BENGAL STATE TRANSPORT CORPORATION,Non AC Seater (2+3),12:20,04h 00m,16:20,1.9,140
318,Siliguri to Raiganj,https://www.redbus.in/bus-tickets/siliguri-to-raiganj,Shree Krishna Travels,NON A/C Seater / Sleeper (2+2),20:00,06h 00m,02:00,3.2,250
319,Siliguri to Raiganj,https://www.redbus.in/bus-tickets/siliguri-to-raiganj,Aradhana Bus Service,NON A/C Seater / Sleeper (2+2),14:30,04h 45m,19:15,2.4,665
320,Siliguri to Raiganj,https://www.redbus.in/bus-tickets/siliguri-to-raiganj,EASY RIDE,Volvo 9600 Multi-Axle A/C Sleeper (2+1),18:45,04h 00m,22:45,4.5,1500
321,Kolkata to Dhupguri (West Bengal),https://www.redbus.in/bus-tickets/kolkata-to-dhupguri-west-bengal,NORTH BENGAL STATE TRANSPORT CORPORATION,Non AC Seater (2+3),15:00,14h 15m,05:15,2.5,515
322,Kolkata to Dhupguri (West Bengal),https://www.redbus.in/bus-tickets/kolkata-to-dhupguri-west-bengal,NBSTC-KOL-COB-R1-17:00,Non AC Seater 2+2,17:00,13h 30m,06:30,4.8,555
323,Falakata (west bengal) to Malda,https://www.redbus.in/bus-tickets/falakata-to-malda,NORTH BENGAL STATE TRANSPORT CORPORATION,Non AC Seater (2+3),10:00,08h 30m,18:30,3.1,278
324,Falakata (west bengal) to Malda,https://www.redbus.in/bus-tickets/falakata-to-malda,NBSTC-COB-KOL-R1-13:30,Non AC Seater 2+2,14:10,06h 50m,21:00,3.1,302
325,Falakata (west bengal) to Malda,https://www.redbus.in/bus-tickets/falakata-to-malda,NBSTC-COB-BHP-R1-19:00,Non AC Seater 2+2,19:50,07h 29m,03:19,3.1,302
326,Kolkata to Gazole,https://www.redbus.in/bus-tickets/kolkata-to-gazole,NBSTC-KOL-RAI-R1-20:30,NON A/C Seater Push Back (2+2),20:30,07h 30m,04:00,3.5,301
327,Kolkata to Gazole,https://www.redbus.in/bus-tickets/kolkata-to-gazole,Express Line,Volvo 9600 A/C Seater/Sleeper (2+1),19:45,09h 00m,04:45,4.9,649
328,Kolkata to Gazole,https://www.redbus.in/bus-tickets/kolkata-to-gazole,Rubi Paribahan  ,Volvo 9600 A/C Seater/Sleeper (2+1),20:30,07h 00m,03:30,4.9,749
329,Kolkata to Gazole,https://www.redbus.in/bus-tickets/kolkata-to-gazole,New Dolphin Travels,NON A/C Seater / Sleeper (2+2),17:30,11h 00m,04:30,2.8,352
330,Kolkata to Gazole,https://www.redbus.in/bus-tickets/kolkata-to-gazole,Lokenath Bus Service,NON A/C Seater / Sleeper (2+2),21:30,09h 15m,06:45,3.2,400
331,Kolkata to Gazole,https://www.redbus.in/bus-tickets/kolkata-to-gazole,Aradhana Bus Service,NON A/C Seater / Sleeper (2+2),16:45,09h 45m,02:30,2.4,713
332,Kolkata to Gazole,https://www.redbus.in/bus-tickets/kolkata-to-gazole,Renuka Travels,NON A/C Seater / Sleeper (2+2),20:30,09h 30m,06:00,1.6,370
333,Berhampore (West Bengal) to Falakata (west bengal),https://www.redbus.in/bus-tickets/berhampore-to-falakata,NBSTC-BHP-COB-R1-18:30,Non AC Seater 2+2,18:30,11h 00m,05:30,4.6,412
334,Balurghat to Siliguri,https://www.redbus.in/bus-tickets/balurghat-to-siliguri,NORTH BENGAL STATE TRANSPORT CORPORATION,Non AC Seater (2+3),05:00,08h 00m,13:00,1.6,222
335,Balurghat to Siliguri,https://www.redbus.in/bus-tickets/balurghat-to-siliguri,New Dolphin Travels,NON A/C Seater / Sleeper (2+2),21:40,07h 20m,05:00,4.0,247
336,Balurghat to Siliguri,https://www.redbus.in/bus-tickets/balurghat-to-siliguri,Padmanabha Travels,A/C Seater / Sleeper (2+2),20:45,08h 20m,05:05,3.3,318
337,Balurghat to Siliguri,https://www.redbus.in/bus-tickets/balurghat-to-siliguri,Mohanta Travels,A/C Seater / Sleeper (2+2),21:00,08h 00m,05:00,3.5,361
338,Balurghat to Siliguri,https://www.redbus.in/bus-tickets/balurghat-to-siliguri,Priya Diya Travels,A/C Seater / Sleeper (2+2),21:25,07h 50m,05:15,0.0,400
339,Balurghat to Siliguri,https://www.redbus.in/bus-tickets/balurghat-to-siliguri,Priya Diya Travels,Non AC Seater (2+2),19:30,09h 30m,05:00,0.0,250
340,Balurghat to Siliguri,https://www.redbus.in/bus-tickets/balurghat-to-siliguri,Shree Krishna Travels,A/C Seater / Sleeper (2+2),21:10,07h 20m,04:30,3.2,350
341,Balurghat to Siliguri,https://www.redbus.in/bus-tickets/balurghat-to-siliguri,Shree Krishna Travels,NON A/C Seater / Sleeper (2+2),19:45,09h 15m,05:00,3.4,250
342,Balurghat to Siliguri,https://www.redbus.in/bus-tickets/balurghat-to-siliguri,Sankar Travels,A/C Seater / Sleeper (2+1),20:10,08h 20m,04:30,2.9,450
343,Balurghat to Siliguri,https://www.redbus.in/bus-tickets/balurghat-to-siliguri,Gopal Travels,A/C Seater / Sleeper (2+2),20:30,07h 30m,04:00,1.3,250
344,Siliguri to Barasat (West Bengal),https://www.redbus.in/bus-tickets/siliguri-to-barasat-west-bengal,NBSTC-SLG-KOL-R1-18:30,NON A/C Seater Push Back (2+2),18:30,11h 00m,05:30,4.2,466
345,Siliguri to Barasat (West Bengal),https://www.redbus.in/bus-tickets/siliguri-to-barasat-west-bengal,Aradhana Bus Service,NON A/C Seater / Sleeper (2+2),14:30,15h 25m,05:55,2.4,665
346,Kolkata to Maynaguri (West Bengal),https://www.redbus.in/bus-tickets/kolkata-to-maynaguri-west-bengal,NORTH BENGAL STATE TRANSPORT CORPORATION,Non AC Seater (2+3),15:00,14h 00m,05:00,4.4,500
347,Kolkata to Maynaguri (West Bengal),https://www.redbus.in/bus-tickets/kolkata-to-maynaguri-west-bengal,NBSTC-KOL-COB-R1-17:00,Non AC Seater 2+2,17:00,13h 00m,06:00,4.4,538
348,Kolkata to Itahar (West Bengal),https://www.redbus.in/bus-tickets/kolkata-to-itahar-west-bengal,NBSTC-KOL-RAI-R1-20:30,NON A/C Seater Push Back (2+2),20:30,08h 30m,05:00,3.7,323
349,Kolkata to Itahar (West Bengal),https://www.redbus.in/bus-tickets/kolkata-to-itahar-west-bengal,Lokenath Bus Service,NON A/C Seater / Sleeper (2+2),21:30,09h 40m,07:10,3.2,500
350,Kolkata to Itahar (West Bengal),https://www.redbus.in/bus-tickets/kolkata-to-itahar-west-bengal,Aradhana Bus Service,NON A/C Seater / Sleeper (2+2),16:45,10h 30m,03:15,2.4,713
351,Cooch Behar (West Bengal) to Krishnanagar (West Bengal),https://www.redbus.in/bus-tickets/cooch-behar-west-bengal-to-krishnanagar,NORTH BENGAL STATE TRANSPORT CORPORATION,Non AC Seater (2+3),09:15,14h 15m,23:30,3.7,478
352,Cooch Behar (West Bengal) to Krishnanagar (West Bengal),https://www.redbus.in/bus-tickets/cooch-behar-west-bengal-to-krishnanagar,NBSTC-COB-KOL-R1-13:30,Non AC Seater 2+2,13:30,14h 00m,03:30,3.7,516
353,Cooch Behar (West Bengal) to Krishnanagar (West Bengal),https://www.redbus.in/bus-tickets/cooch-behar-west-bengal-to-krishnanagar,Mahaprabhu Travels,NON A/C Seater / Sleeper (2+2),15:30,15h 30m,07:00,2.1,635
354,Cooch Behar (West Bengal) to Omarpur (West Bengal),https://www.redbus.in/bus-tickets/cooch-behar-west-bengal-to-omarpur-west-bengal,NBSTC-COB-BHP-R1-19:00,Non AC Seater 2+2,19:00,11h 00m,06:00,3.7,405
355,Berhampore (West Bengal) to Jalpaiguri,https://www.redbus.in/bus-tickets/berhampore-to-jalpaiguri,NBSTC-BHP-COB-R1-18:30,Non AC Seater 2+2,18:30,09h 00m,03:30,4.6,361
356,Malda to Siliguri,https://www.redbus.in/bus-tickets/malda-to-siliguri,NORTH BENGAL STATE TRANSPORT CORPORATION,Non AC Seater (2+3),10:30,06h 00m,16:30,2.2,197
357,Malda to Siliguri,https://www.redbus.in/bus-tickets/malda-to-siliguri,Shyamoli Paribahan Pvt Ltd,Scania Multi-Axle AC Semi Sleeper (2+2),00:55,05h 30m,06:25,3.4,500
358,Malda to Siliguri,https://www.redbus.in/bus-tickets/malda-to-siliguri,Lokenath Bus Service,Volvo Multi-Axle A/C Seater/Sleeper (2+1),02:00,04h 15m,06:15,4.3,699
359,Malda to Siliguri,https://www.redbus.in/bus-tickets/malda-to-siliguri,Modern Travels,Bharat Benz A/C Seater /Sleeper (2+1),02:30,05h 15m,07:45,3.6,825
360,Malda to Siliguri,https://www.redbus.in/bus-tickets/malda-to-siliguri,Lokenath Bus Service,Volvo 9600 Multi-Axle A/C Sleeper (2+1),03:00,04h 30m,07:30,4.3,1050
361,Malda to Siliguri,https://www.redbus.in/bus-tickets/malda-to-siliguri,Lokenath Bus Service,Volvo Multi Axle B11R AC Seater\Sleeper (2+1),03:30,04h 45m,08:15,4.3,649
362,Malda to Siliguri,https://www.redbus.in/bus-tickets/malda-to-siliguri,New Das Paribahan,NON A/C Seater / Sleeper (2+2),23:25,06h 10m,05:35,3.4,635
363,Malda to Siliguri,https://www.redbus.in/bus-tickets/malda-to-siliguri,Aradhana Travels,A/C Seater / Sleeper (2+1),23:30,06h 30m,06:00,3.7,713
364,Malda to Siliguri,https://www.redbus.in/bus-tickets/malda-to-siliguri,Aradhana Travels,Volvo A/C B11R Multi Axle Semi Sleeper (2+2),23:59,06h 01m,06:00,3.6,855
365,Malda to Siliguri,https://www.redbus.in/bus-tickets/malda-to-siliguri,Guru Nanak (Inter City),NON A/C Seater / Sleeper (2+2),00:10,07h 50m,08:00,1.7,449
366,Malda to Siliguri,https://www.redbus.in/bus-tickets/malda-to-siliguri,Aradhana Bus Service,NON A/C Seater / Sleeper (2+2),02:00,05h 00m,07:00,2.4,713
367,Malda to Siliguri,https://www.redbus.in/bus-tickets/malda-to-siliguri,Aradhana Bus Service,A/C Seater / Sleeper (2+2),22:45,06h 15m,05:00,0.0,455
368,Malda to Siliguri,https://www.redbus.in/bus-tickets/malda-to-siliguri,Aradhana Travels,NON A/C Seater / Sleeper (2+2),23:59,07h 31m,07:30,2.1,380
369,Malda to Siliguri,https://www.redbus.in/bus-tickets/malda-to-siliguri,Greenline,Volvo 9600 Multi-Axle A/C Sleeper (2+1),01:15,05h 15m,06:30,4.8,1350
370,Raiganj to Ranaghat,https://www.redbus.in/bus-tickets/raiganj-to-ranaghat,NBSTC-RAI-KOL-R1-19:30,NON A/C Seater Push Back (2+2),19:30,08h 45m,04:15,3.3,278
371,Raiganj to Ranaghat,https://www.redbus.in/bus-tickets/raiganj-to-ranaghat,Lokenath Bus Service,NON A/C Seater / Sleeper (2+2),19:45,08h 25m,04:10,3.2,350
372,Raiganj to Ranaghat,https://www.redbus.in/bus-tickets/raiganj-to-ranaghat,Aradhana Bus Service,NON A/C Seater / Sleeper (2+2),19:15,07h 55m,03:10,2.4,665
373,Cooch Behar (West Bengal) to Farakka,https://www.redbus.in/bus-tickets/cooch-behar-west-bengal-to-farakka,NBSTC-COB-BHP-R1-19:00,Non AC Seater 2+2,19:00,09h 30m,04:30,4.9,367
374,Cooch Behar (West Bengal) to Siliguri,https://www.redbus.in/bus-tickets/cooch-behar-west-bengal-to-siliguri,NBSTC-COB-FKT-SLG-08-10:25,Non AC Seater (2+3),10:25,04h 00m,14:25,2.8,119
375,Cooch Behar (West Bengal) to Siliguri,https://www.redbus.in/bus-tickets/cooch-behar-west-bengal-to-siliguri,NBSTC-COB-FKT-SLG-06-15:30,Non AC Seater 2+2,15:30,03h 30m,19:00,2.8,119
376,Cooch Behar (West Bengal) to Siliguri,https://www.redbus.in/bus-tickets/cooch-behar-west-bengal-to-siliguri,Mahaprabhu Travels,A/C Seater (2+3),07:54,03h 06m,11:00,4.0,250
